Precision,Recall,F1 Score,Silhouette Score
0.8770528639337648,0.8766666666666667,0.8767371074978645,0.2349969531333458
