Algorithm,Clusters,Silhouette,ARI
KMeans,6,0.34947598566867427,0.46147215591774665
DBSCAN,11,-0.23762691360572413,0.0026611681036717077
Agglomerative,6,0.31059637917931227,0.49522964191009206
MeanShift,2,0.3262972491172266,0.14759349174468392
Spectral,6,0.23181626413079534,0.4379929697765091
